asset_id,asset_type,issuer,sector,value,currency,duration,risk_factors,sensitivities
LOAN_01,Corporate Loan,Helios Energy,Energy,12000000,INR,0,credit;rates;market,"{""GEOPOLITICAL"": 0.85, ""MACROECONOMIC"": 0.55, ""CREDIT_EVENT"": 0.95, ""MERGER_ACQUISITION"": 0.5, ""PRODUCT_LAUNCH"": 0.45, ""OTHER"": 0.1}"
BOND_01,Corporate Bond,Helios Energy,Energy,6000000,INR,4,credit;rates;market,"{""GEOPOLITICAL"": 0.85, ""MACROECONOMIC"": 0.8, ""CREDIT_EVENT"": 0.95, ""MERGER_ACQUISITION"": 0.5, ""PRODUCT_LAUNCH"": 0.45, ""OTHER"": 0.1}"
EQ_01,Equity,Helios Energy,Energy,7000000,INR,0,credit;rates;market,"{""GEOPOLITICAL"": 0.85, ""MACROECONOMIC"": 0.55, ""CREDIT_EVENT"": 0.7, ""MERGER_ACQUISITION"": 0.5, ""PRODUCT_LAUNCH"": 0.45, ""OTHER"": 0.1}"
LOAN_02,Corporate Loan,Aurora Tech,Technology,10000000,INR,0,credit;rates;market,"{""GEOPOLITICAL"": 0.6, ""MACROECONOMIC"": 0.55, ""CREDIT_EVENT"": 0.95, ""MERGER_ACQUISITION"": 0.5, ""PRODUCT_LAUNCH"": 0.45, ""OTHER"": 0.1}"
EQ_02,Equity,Aurora Tech,Technology,8000000,INR,0,credit;rates;market,"{""GEOPOLITICAL"": 0.6, ""MACROECONOMIC"": 0.55, ""CREDIT_EVENT"": 0.7, ""MERGER_ACQUISITION"": 0.5, ""PRODUCT_LAUNCH"": 0.45, ""OTHER"": 0.1}"
GOV_01,Government Bond,Synthetic India Treasury,Financials,15000000,INR,6,credit;rates;market,"{""GEOPOLITICAL"": 0.6, ""MACROECONOMIC"": 0.8, ""CREDIT_EVENT"": 0.7, ""MERGER_ACQUISITION"": 0.5, ""PRODUCT_LAUNCH"": 0.45, ""OTHER"": 0.1}"
BOND_02,Corporate Bond,Northstar Bank,Financials,10000000,INR,3,credit;rates;market,"{""GEOPOLITICAL"": 0.6, ""MACROECONOMIC"": 0.8, ""CREDIT_EVENT"": 0.95, ""MERGER_ACQUISITION"": 0.5, ""PRODUCT_LAUNCH"": 0.45, ""OTHER"": 0.1}"
LOAN_03,Corporate Loan,Meridian Health,Healthcare,8000000,INR,0,credit;rates;market,"{""GEOPOLITICAL"": 0.6, ""MACROECONOMIC"": 0.55, ""CREDIT_EVENT"": 0.95, ""MERGER_ACQUISITION"": 0.5, ""PRODUCT_LAUNCH"": 0.45, ""OTHER"": 0.1}"
EQ_03,Equity,Cedar Consumer,Consumer,7000000,INR,0,credit;rates;market,"{""GEOPOLITICAL"": 0.6, ""MACROECONOMIC"": 0.55, ""CREDIT_EVENT"": 0.7, ""MERGER_ACQUISITION"": 0.5, ""PRODUCT_LAUNCH"": 0.45, ""OTHER"": 0.1}"
LOAN_04,Corporate Loan,Atlas Industrials,Industrials,10000000,INR,0,credit;rates;market,"{""GEOPOLITICAL"": 0.6, ""MACROECONOMIC"": 0.55, ""CREDIT_EVENT"": 0.95, ""MERGER_ACQUISITION"": 0.5, ""PRODUCT_LAUNCH"": 0.45, ""OTHER"": 0.1}"
DER_01,Derivative,Atlas Industrials,Industrials,4000000,INR,0,credit;rates;market,"{""GEOPOLITICAL"": 0.6, ""MACROECONOMIC"": 0.55, ""CREDIT_EVENT"": 0.7, ""MERGER_ACQUISITION"": 0.5, ""PRODUCT_LAUNCH"": 0.45, ""OTHER"": 0.1}"
DER_02,Derivative,Helios Energy,Energy,3000000,INR,0,credit;rates;market,"{""GEOPOLITICAL"": 0.85, ""MACROECONOMIC"": 0.55, ""CREDIT_EVENT"": 0.7, ""MERGER_ACQUISITION"": 0.5, ""PRODUCT_LAUNCH"": 0.45, ""OTHER"": 0.1}"
