id,timestamp,source,source_type,headline,text,sector,expected_event,expected_sentiment
social_posts_00,2026-10-01T09:00:00+05:30,Synthetic Social Stream,social,Aurora Tech launches enterprise platform,Investor discussion: Aurora Tech launches a new software platform with strong demand and improved profit growth. #markets,Technology,PRODUCT_LAUNCH,positive
social_posts_01,2026-10-01T09:04:00+05:30,Synthetic Social Stream,social,Routine policy update,Investor discussion: The central bank published its monetary policy schedule. Interest rate levels remain unchanged. #markets,Financials,MACROECONOMIC,neutral
social_posts_02,2026-10-01T09:08:00+05:30,Synthetic Social Stream,social,Healthcare consolidation approved,Investor discussion: Meridian Health merger acquisition deal approved by regulators after successful review. #markets,Healthcare,MERGER_ACQUISITION,positive
social_posts_03,2026-10-01T09:12:00+05:30,Synthetic Social Stream,social,Energy supply under severe pressure,Investor discussion: Severe geopolitical war and shipping blockade threatens oil supply. Sanctions cause a crisis and disruption for Helios Energy in India. #markets,Energy,GEOPOLITICAL,negative
social_posts_04,2026-10-01T09:16:00+05:30,Synthetic Social Stream,social,Issuer misses debt payment,Investor discussion: Atlas Industrials default after missed payment on corporate bonds. Credit downgrade and bankruptcy risk deepen losses. #markets,Industrials,CREDIT_EVENT,negative
social_posts_05,2026-10-01T09:20:00+05:30,Synthetic Social Stream,social,Central bank raises rates,Investor discussion: Central bank interest rate hike follows inflation surge and weak economic growth. Recession risk increases for banks. #markets,Financials,MACROECONOMIC,negative
social_posts_06,2026-10-01T09:24:00+05:30,Synthetic Social Stream,social,Retail product rollout,Investor discussion: Cedar Consumer launches a new product with record sales and profit growth. #markets,Consumer,PRODUCT_LAUNCH,positive
social_posts_07,2026-10-01T09:28:00+05:30,Synthetic Social Stream,social,Technology takeover review,Investor discussion: Aurora Tech acquisition takeover review proceeds with neutral regulatory timetable. #markets,Technology,MERGER_ACQUISITION,neutral
social_posts_08,2026-10-01T09:32:00+05:30,Synthetic Social Stream,social,Regional shipping disruption,Investor discussion: War and sanctions create severe geopolitical disruption in industrial shipping and energy markets. #markets,Industrials,GEOPOLITICAL,negative
social_posts_09,2026-10-01T09:36:00+05:30,Synthetic Social Stream,social,Bank credit stabilizes,Investor discussion: Northstar Bank credit downgrade risk declined after strong profit growth and improved liquidity. #markets,Financials,CREDIT_EVENT,positive
social_posts_10,2026-10-01T09:40:00+05:30,Synthetic Social Stream,social,Health product introduced,Investor discussion: Meridian Health introduces a new medicine product launch with successful clinical results. #markets,Healthcare,PRODUCT_LAUNCH,positive
social_posts_11,2026-10-01T09:44:00+05:30,Synthetic Social Stream,social,Bond default warning,Investor discussion: Helios Energy faces default and severe losses after missed debt payment and credit downgrade. #markets,Energy,CREDIT_EVENT,negative
